{
  "project_info": {
    "project_number": "570914975086",
    "firebase_url": "https://eco-aventura1-sk7xce-default-rtdb.firebaseio.com",
    "project_id": "eco-aventura1-sk7xce",
    "storage_bucket": "eco-aventura1-sk7xce.firebasestorage.app"
  },
  "client": [
    {
      "client_info": {
        "mobilesdk_app_id": "1:570914975086:android:56fc85b45aec3a03c7e57f",
        "android_client_info": {
          "package_name": "com.mycompany.ecoaventura1"
        }
      },
      "oauth_client": [
        {
          "client_id": "570914975086-cjg2kksdcrv8ir2tmuq9se4k8ldcnq71.apps.googleusercontent.com",
          "client_type": 1,
          "android_info": {
            "package_name": "com.mycompany.ecoaventura1",
            "certificate_hash": "9bbb3186b2189ef16d8f272bdab59362c395cbb4"
          }
        },
        {
          "client_id": "570914975086-1arh1fihar0fnmfm91pqkdtub5hr8c1h.apps.googleusercontent.com",
          "client_type": 3
        }
      ],
      "api_key": [
        {
          "current_key": "AIzaSyCLk4nAjl1y5Igwck2xW91KMDYlwU87tK0"
        }
      ],
      "services": {
        "appinvite_service": {
          "other_platform_oauth_client": [
            {
              "client_id": "570914975086-1arh1fihar0fnmfm91pqkdtub5hr8c1h.apps.googleusercontent.com",
              "client_type": 3
            },
            {
              "client_id": "570914975086-gfvk7ktota0qlvbscne8hft5c5aqsden.apps.googleusercontent.com",
              "client_type": 2,
              "ios_info": {
                "bundle_id": "com.mycompany.ecoaventura1"
              }
            }
          ]
        }
      }
    }
  ],
  "configuration_version": "1"
}